{"cameraMode":{"drawMode":0,"name":"Shaded","section":"Shading Mode"},"sceneLighting":false,"audioPlay":false,"sceneViewState":{"showFog":false,"showMaterialUpdate":false,"showSkybox":false,"showFlares":false,"showImageEffects":false,"showParticleSystems":false},"in2DMode":false,"pivot":{"x":-0.16199994087219239,"y":1.6250548362731934,"z":-3.319999933242798},"rotation":{"x":0.07486355304718018,"y":0.20053091645240785,"z":-0.015370733104646206,"w":0.9767029285430908},"size":3.7025251388549806,"orthographic":true}