{"cameraMode":{"drawMode":0,"name":"Shaded","section":"Shading Mode"},"sceneLighting":false,"audioPlay":false,"sceneViewState":{"showFog":true,"showMaterialUpdate":false,"showSkybox":false,"showFlares":true,"showImageEffects":true,"showParticleSystems":true},"in2DMode":false,"pivot":{"x":-5.590000152587891,"y":2.2839999198913576,"z":-0.20999997854232789},"rotation":{"x":0.08662156015634537,"y":0.6529892683029175,"z":0.07555901259183884,"w":-0.7485929727554321},"size":3.7063214778900148,"orthographic":false}