{"cameraMode":{"drawMode":0,"name":"Shaded","section":"Shading Mode"},"sceneLighting":false,"audioPlay":false,"sceneViewState":{"showFog":true,"showMaterialUpdate":false,"showSkybox":false,"showFlares":true,"showImageEffects":true,"showParticleSystems":true},"in2DMode":false,"pivot":{"x":5.960464477539063e-8,"y":1.8300001621246338,"z":-2.440000057220459},"rotation":{"x":-0.17986848950386048,"y":0.6865130662918091,"z":-0.18138514459133149,"w":-0.6807716488838196},"size":2.8578948974609377,"orthographic":false}