{"cameraMode":{"drawMode":0,"name":"Shaded","section":"Shading Mode"},"sceneLighting":false,"audioPlay":false,"sceneViewState":{"showFog":false,"showMaterialUpdate":false,"showSkybox":false,"showFlares":false,"showImageEffects":false,"showParticleSystems":false},"in2DMode":false,"pivot":{"x":2.500117063522339,"y":2.0,"z":-0.19655275344848634},"rotation":{"x":0.18490296602249146,"y":-0.22446666657924653,"z":0.04338666796684265,"w":0.9558165669441223},"size":10.63283634185791,"orthographic":false}