{"cameraMode":{"drawMode":0,"name":"Shaded","section":"Shading Mode"},"sceneLighting":true,"audioPlay":false,"sceneViewState":{"showFog":false,"showMaterialUpdate":false,"showSkybox":false,"showFlares":false,"showImageEffects":false,"showParticleSystems":false},"in2DMode":false,"pivot":{"x":-4.763500690460205,"y":1.8499994277954102,"z":-10.045499801635743},"rotation":{"x":-0.00325101800262928,"y":-0.961541473865509,"z":0.011532369069755078,"w":-0.2744751572608948},"size":8.25674057006836,"orthographic":false}