{"cameraMode":{"drawMode":0,"name":"Shaded","section":"Shading Mode"},"sceneLighting":false,"audioPlay":false,"sceneViewState":{"showFog":false,"showMaterialUpdate":false,"showSkybox":false,"showFlares":false,"showImageEffects":false,"showParticleSystems":false},"in2DMode":false,"pivot":{"x":-0.02045595645904541,"y":0.43078503012657168,"z":0.0},"rotation":{"x":0.15518756210803986,"y":-0.16626223921775819,"z":0.026462813839316369,"w":0.9734556674957275},"size":4.176894187927246,"orthographic":false}