{"cameraMode":{"drawMode":0,"name":"Shaded","section":"Shading Mode"},"sceneLighting":true,"audioPlay":false,"sceneViewState":{"showFog":true,"showMaterialUpdate":false,"showSkybox":false,"showFlares":true,"showImageEffects":true,"showParticleSystems":true},"in2DMode":false,"pivot":{"x":-5.069999694824219,"y":3.9759998321533205,"z":-2.7074499130249025},"rotation":{"x":0.007392129860818386,"y":0.9905871152877808,"z":-0.12306202203035355,"w":0.05950320512056351},"size":40.010372161865237,"orthographic":true}